{
  "generated_at": "2026-03-05T11:29:44.293910+00:00",
  "metrics": {
    "accuracy": 0.964156,
    "precision": 0.986876,
    "recall": 0.960722,
    "f1": 0.973623,
    "roc_auc": 0.993495,
    "threshold": 0.3
  },
  "per_clone_type": {
    "1": {
      "count": 20000,
      "tp": 19999,
      "fn": 1,
      "recall": 0.99995,
      "precision": 1.0,
      "f1": 0.999975,
      "detector": "NiCAD (Phase One)"
    },
    "2": {
      "count": 4223,
      "tp": 4220,
      "fn": 3,
      "recall": 0.99929,
      "precision": 1.0,
      "f1": 0.999645,
      "detector": "NiCAD (Phase One)"
    },
    "3": {
      "count": 20000,
      "tp": 18267,
      "fn": 1733,
      "recall": 0.91335,
      "precision": 1.0,
      "f1": 0.954713,
      "detector": "XGBoost + Type-3 Filter"
    }
  }
}