{
  "accuracy": 0.98,
  "precision": 1.0,
  "recall": 0.98,
  "f1": 0.98989898989899,
  "roc_auc": 0.5,
  "macro_f1": 0.494949494949495,
  "threshold_used": 0.47999999999999976,
  "confusion_matrix": [
    [
      0,
      0
    ],
    [
      20,
      980
    ]
  ],
  "true_negatives": 0,
  "false_positives": 0,
  "false_negatives": 20,
  "true_positives": 980,
  "optimal_threshold_f1": 0.1,
  "optimal_threshold_macro_f1": 0.1,
  "timestamp": "2026-03-01T07:12:34.440587"
}