{
  "accuracy": 0.8912137063149117,
  "precision": 0.8680063370299341,
  "recall": 0.9481306070403934,
  "f1": 0.9063010120796605,
  "roc_auc": 0.9535905123886314,
  "macro_f1": 0.8883181214731004,
  "threshold_used": 0.47999999999999976,
  "confusion_matrix": [
    [
      14448,
      3166
    ],
    [
      1139,
      20820
    ]
  ],
  "true_negatives": 14448,
  "false_positives": 3166,
  "false_negatives": 1139,
  "true_positives": 20820,
  "optimal_threshold_f1": 0.4999999999999998,
  "optimal_threshold_macro_f1": 0.5499999999999998,
  "timestamp": "2026-03-01T08:12:58.953795"
}