{
  "accuracy": 0.988,
  "precision": 1.0,
  "recall": 0.988,
  "f1": 0.993963782696177,
  "roc_auc": 0.5,
  "macro_f1": 0.4969818913480885,
  "threshold_used": 0.47999999999999976,
  "confusion_matrix": [
    [
      0,
      0
    ],
    [
      12,
      988
    ]
  ],
  "true_negatives": 0,
  "false_positives": 0,
  "false_negatives": 12,
  "true_positives": 988,
  "optimal_threshold_f1": 0.1,
  "optimal_threshold_macro_f1": 0.1,
  "timestamp": "2026-03-01T07:12:25.323264"
}