{
  "accuracy": 0.995,
  "precision": 1.0,
  "recall": 0.995,
  "f1": 0.9974937343358395,
  "roc_auc": 0.5,
  "macro_f1": 0.49874686716791977,
  "threshold_used": 0.47999999999999976,
  "confusion_matrix": [
    [
      0,
      0
    ],
    [
      5,
      995
    ]
  ],
  "true_negatives": 0,
  "false_positives": 0,
  "false_negatives": 5,
  "true_positives": 995,
  "optimal_threshold_f1": 0.1,
  "optimal_threshold_macro_f1": 0.1,
  "timestamp": "2026-03-01T07:12:04.107576"
}