{
  "generated_at": "2026-03-06T07:17:14.958153+00:00",
  "metrics": {
    "accuracy": 0.955795,
    "precision": 0.982106,
    "recall": 0.953169,
    "f1": 0.967421,
    "roc_auc": 0.990579,
    "threshold": 0.32
  },
  "per_clone_type": {
    "1": {
      "count": 20000,
      "tp": 19999,
      "fn": 1,
      "recall": 0.99995,
      "precision": 1.0,
      "f1": 0.999975,
      "detector": "NiCAD (Phase One)"
    },
    "2": {
      "count": 4223,
      "tp": 4220,
      "fn": 3,
      "recall": 0.99929,
      "precision": 1.0,
      "f1": 0.999645,
      "detector": "NiCAD (Phase One)"
    },
    "3": {
      "count": 20000,
      "tp": 17933,
      "fn": 2067,
      "recall": 0.89665,
      "precision": 1.0,
      "f1": 0.945509,
      "detector": "XGBoost + Type-3 Filter"
    }
  }
}