{
  "accuracy": 0.54,
  "precision": 1.0,
  "recall": 0.54,
  "f1": 0.7012987012987013,
  "roc_auc": NaN,
  "threshold_used": 0.6599999999999997
}