{
  "accuracy": 0.5099941879564349,
  "precision": 0.5339736466105731,
  "recall": 0.9190309212623525,
  "f1": 0.6754807290010544,
  "roc_auc": 0.06430228779893295,
  "threshold_used": 0.33999999999999986,
  "timestamp": "2026-02-28T22:51:45.862863"
}